id,generated
0000aaaa,0.99832875
2222cccc,0.00063333154
1111bbbb,0.00063333154
