id,generated
1111bbbb,0.00066675094
2222cccc,0.00066675094
0000aaaa,0.99934655
