id,generated
0000aaaa,0.99934655
1111bbbb,0.99934655
2222cccc,0.99934655
